<?xml version="1.0" encoding="UTF-8"?>
<project-private xmlns="http://www.netbeans.org/ns/project-private/1">
    <open-files xmlns="http://www.netbeans.org/ns/projectui-open-files/2">
        <group>
            <file>file:/Users/Opel/NetBeansProjects/PA-1/src/StackManager.java</file>
            <file>file:/Users/Opel/NetBeansProjects/PA-1/src/CharStack.java</file>
            <file>file:/Users/Opel/NetBeansProjects/PA-1/src/Semaphore.java</file>
            <file>file:/Users/Opel/NetBeansProjects/PA-1/src/BaseThread.java</file>
        </group>
    </open-files>
</project-private>
